{
  "coverage": {
    "N/A (Computed)": {
      "analyzers": [],
      "key": "N/A (Computed)",
      "source_type": "stub_only",
      "stub": true
    },
    "affordance.isovist_area": {
      "analyzers": [
        "backend.science.spatial.depth.DepthAnalyzer"
      ],
      "key": "affordance.isovist_area",
      "source_type": "math_or_deterministic",
      "stub": false
    },
    "affordance.seating_count": {
      "analyzers": [
        "backend.science.vision.objects.ObjectAnalyzer"
      ],
      "key": "affordance.seating_count",
      "source_type": "math_or_deterministic",
      "stub": false
    },
    "arch.pattern.axial_circulation_clear": {
      "analyzers": [],
      "key": "arch.pattern.axial_circulation_clear",
      "source_type": "stub_only",
      "stub": true
    },
    "arch.pattern.bay_window": {
      "analyzers": [],
      "key": "arch.pattern.bay_window",
      "source_type": "stub_only",
      "stub": true
    },
    "arch.pattern.central_hearth": {
      "analyzers": [],
      "key": "arch.pattern.central_hearth",
      "source_type": "stub_only",
      "stub": true
    },
    "arch.pattern.circulation_maze_like": {
      "analyzers": [],
      "key": "arch.pattern.circulation_maze_like",
      "source_type": "stub_only",
      "stub": true
    },
    "arch.pattern.colonnade": {
      "analyzers": [],
      "key": "arch.pattern.colonnade",
      "source_type": "stub_only",
      "stub": true
    },
    "arch.pattern.corner_window": {
      "analyzers": [],
      "key": "arch.pattern.corner_window",
      "source_type": "stub_only",
      "stub": true
    },
    "arch.pattern.daylight_hard": {
      "analyzers": [
        "backend.science.semantics.arch_patterns_vlm.ArchPatternsVLMAnalyzer"
      ],
      "key": "arch.pattern.daylight_hard",
      "source_type": "math_or_deterministic",
      "stub": false
    },
    "arch.pattern.daylight_soft": {
      "analyzers": [
        "backend.science.semantics.arch_patterns_vlm.ArchPatternsVLMAnalyzer"
      ],
      "key": "arch.pattern.daylight_soft",
      "source_type": "math_or_deterministic",
      "stub": false
    },
    "arch.pattern.double_height_space": {
      "analyzers": [
        "backend.science.semantics.arch_patterns_vlm.ArchPatternsVLMAnalyzer"
      ],
      "key": "arch.pattern.double_height_space",
      "source_type": "math_or_deterministic",
      "stub": false
    },
    "arch.pattern.gallery_edge": {
      "analyzers": [],
      "key": "arch.pattern.gallery_edge",
      "source_type": "stub_only",
      "stub": true
    },
    "arch.pattern.loft_mezzanine": {
      "analyzers": [],
      "key": "arch.pattern.loft_mezzanine",
      "source_type": "stub_only",
      "stub": true
    },
    "arch.pattern.long_view_corridor": {
      "analyzers": [],
      "key": "arch.pattern.long_view_corridor",
      "source_type": "stub_only",
      "stub": true
    },
    "arch.pattern.perimeter_seating": {
      "analyzers": [],
      "key": "arch.pattern.perimeter_seating",
      "source_type": "stub_only",
      "stub": true
    },
    "arch.pattern.prospect_strong": {
      "analyzers": [
        "backend.science.semantics.arch_patterns_vlm.ArchPatternsVLMAnalyzer"
      ],
      "key": "arch.pattern.prospect_strong",
      "source_type": "math_or_deterministic",
      "stub": false
    },
    "arch.pattern.refuge_nook": {
      "analyzers": [],
      "key": "arch.pattern.refuge_nook",
      "source_type": "stub_only",
      "stub": true
    },
    "arch.pattern.refuge_strong": {
      "analyzers": [
        "backend.science.semantics.arch_patterns_vlm.ArchPatternsVLMAnalyzer"
      ],
      "key": "arch.pattern.refuge_strong",
      "source_type": "math_or_deterministic",
      "stub": false
    },
    "arch.pattern.skylight_dominant": {
      "analyzers": [],
      "key": "arch.pattern.skylight_dominant",
      "source_type": "stub_only",
      "stub": true
    },
    "arch.pattern.staircase_sculptural": {
      "analyzers": [],
      "key": "arch.pattern.staircase_sculptural",
      "source_type": "stub_only",
      "stub": true
    },
    "arch.pattern.threshold_emphasized": {
      "analyzers": [],
      "key": "arch.pattern.threshold_emphasized",
      "source_type": "stub_only",
      "stub": true
    },
    "arch.pattern.window_seat_niche": {
      "analyzers": [],
      "key": "arch.pattern.window_seat_niche",
      "source_type": "stub_only",
      "stub": true
    },
    "biophilia.plant_count": {
      "analyzers": [
        "backend.science.vision.objects.ObjectAnalyzer"
      ],
      "key": "biophilia.plant_count",
      "source_type": "math_or_deterministic",
      "stub": false
    },
    "cnfa.biophilic.natural_material_ratio": {
      "analyzers": [],
      "key": "cnfa.biophilic.natural_material_ratio",
      "source_type": "stub_only",
      "stub": true
    },
    "cnfa.cognitive.activity_zones_count": {
      "analyzers": [],
      "key": "cnfa.cognitive.activity_zones_count",
      "source_type": "stub_only",
      "stub": true
    },
    "cnfa.cognitive.landmark_salience": {
      "analyzers": [],
      "key": "cnfa.cognitive.landmark_salience",
      "source_type": "stub_only",
      "stub": true
    },
    "cnfa.cognitive.legibility_score": {
      "analyzers": [],
      "key": "cnfa.cognitive.legibility_score",
      "source_type": "stub_only",
      "stub": true
    },
    "cnfa.dynamic.optic_flow_magnitude": {
      "analyzers": [],
      "key": "cnfa.dynamic.optic_flow_magnitude",
      "source_type": "stub_only",
      "stub": true
    },
    "cnfa.dynamic.path_glare_max": {
      "analyzers": [],
      "key": "cnfa.dynamic.path_glare_max",
      "source_type": "stub_only",
      "stub": true
    },
    "cnfa.dynamic.reflection_flow": {
      "analyzers": [],
      "key": "cnfa.dynamic.reflection_flow",
      "source_type": "stub_only",
      "stub": true
    },
    "cnfa.dynamic.revelation_rate": {
      "analyzers": [],
      "key": "cnfa.dynamic.revelation_rate",
      "source_type": "stub_only",
      "stub": true
    },
    "cnfa.dynamic.texture_gradient": {
      "analyzers": [],
      "key": "cnfa.dynamic.texture_gradient",
      "source_type": "stub_only",
      "stub": true
    },
    "cnfa.fluency.anomaly_count": {
      "analyzers": [],
      "key": "cnfa.fluency.anomaly_count",
      "source_type": "stub_only",
      "stub": true
    },
    "cnfa.fluency.clutter_density_count": {
      "analyzers": [],
      "key": "cnfa.fluency.clutter_density_count",
      "source_type": "stub_only",
      "stub": true
    },
    "cnfa.fluency.color_palette_entropy": {
      "analyzers": [],
      "key": "cnfa.fluency.color_palette_entropy",
      "source_type": "stub_only",
      "stub": true
    },
    "cnfa.fluency.edge_clarity_mean": {
      "analyzers": [],
      "key": "cnfa.fluency.edge_clarity_mean",
      "source_type": "stub_only",
      "stub": true
    },
    "cnfa.fluency.figure_ground_clarity": {
      "analyzers": [],
      "key": "cnfa.fluency.figure_ground_clarity",
      "source_type": "stub_only",
      "stub": true
    },
    "cnfa.fluency.hierarchy_depth": {
      "analyzers": [],
      "key": "cnfa.fluency.hierarchy_depth",
      "source_type": "stub_only",
      "stub": true
    },
    "cnfa.fluency.pattern_rhythm_regularity": {
      "analyzers": [],
      "key": "cnfa.fluency.pattern_rhythm_regularity",
      "source_type": "stub_only",
      "stub": true
    },
    "cnfa.fluency.processing_load_proxy": {
      "analyzers": [],
      "key": "cnfa.fluency.processing_load_proxy",
      "source_type": "stub_only",
      "stub": true
    },
    "cnfa.fluency.symmetry_score_horizontal": {
      "analyzers": [],
      "key": "cnfa.fluency.symmetry_score_horizontal",
      "source_type": "stub_only",
      "stub": true
    },
    "cnfa.fluency.visual_entropy_spatial": {
      "analyzers": [],
      "key": "cnfa.fluency.visual_entropy_spatial",
      "source_type": "stub_only",
      "stub": true
    },
    "cnfa.fluency.zoning_clarity": {
      "analyzers": [],
      "key": "cnfa.fluency.zoning_clarity",
      "source_type": "stub_only",
      "stub": true
    },
    "cnfa.fractal_dimension": {
      "analyzers": [],
      "key": "cnfa.fractal_dimension",
      "source_type": "stub_only",
      "stub": true
    },
    "cnfa.haptic.soft_surface_ratio": {
      "analyzers": [],
      "key": "cnfa.haptic.soft_surface_ratio",
      "source_type": "stub_only",
      "stub": true
    },
    "cnfa.haptic.texture_variation_index": {
      "analyzers": [],
      "key": "cnfa.haptic.texture_variation_index",
      "source_type": "stub_only",
      "stub": true
    },
    "cnfa.light.brightness_variance": {
      "analyzers": [],
      "key": "cnfa.light.brightness_variance",
      "source_type": "stub_only",
      "stub": true
    },
    "cnfa.light.diffuse_vs_direct_ratio": {
      "analyzers": [],
      "key": "cnfa.light.diffuse_vs_direct_ratio",
      "source_type": "stub_only",
      "stub": true
    },
    "cnfa.light.vertical_illuminance_proxy": {
      "analyzers": [],
      "key": "cnfa.light.vertical_illuminance_proxy",
      "source_type": "stub_only",
      "stub": true
    },
    "cnfa.light.warm_vs_cool_ratio": {
      "analyzers": [],
      "key": "cnfa.light.warm_vs_cool_ratio",
      "source_type": "stub_only",
      "stub": true
    },
    "cnfa.spatial.ceiling_height_avg": {
      "analyzers": [],
      "key": "cnfa.spatial.ceiling_height_avg",
      "source_type": "stub_only",
      "stub": true
    },
    "cnfa.spatial.enclosure_index": {
      "analyzers": [],
      "key": "cnfa.spatial.enclosure_index",
      "source_type": "stub_only",
      "stub": true
    },
    "cnfa.spatial.prospect_to_refuge_ratio": {
      "analyzers": [],
      "key": "cnfa.spatial.prospect_to_refuge_ratio",
      "source_type": "stub_only",
      "stub": true
    },
    "cognitive.error": {
      "analyzers": [
        "backend.science.context.cognitive.CognitiveStateAnalyzer"
      ],
      "key": "cognitive.error",
      "source_type": "vlm_cognitive",
      "stub": false
    },
    "color.lab_volume": {
      "analyzers": [
        "backend.science.math.color.ColorAnalyzer"
      ],
      "key": "color.lab_volume",
      "source_type": "math_or_deterministic",
      "stub": false
    },
    "color.lightness_contrast": {
      "analyzers": [
        "backend.science.math.color.ColorAnalyzer"
      ],
      "key": "color.lightness_contrast",
      "source_type": "math_or_deterministic",
      "stub": false
    },
    "color.luminance": {
      "analyzers": [
        "backend.science.vision.VisionProcessor"
      ],
      "key": "color.luminance",
      "source_type": "math_or_deterministic",
      "stub": false
    },
    "color.perceptual_lightness": {
      "analyzers": [
        "backend.science.math.color.ColorAnalyzer"
      ],
      "key": "color.perceptual_lightness",
      "source_type": "math_or_deterministic",
      "stub": false
    },
    "color.saturation": {
      "analyzers": [
        "backend.science.vision.VisionProcessor"
      ],
      "key": "color.saturation",
      "source_type": "math_or_deterministic",
      "stub": false
    },
    "color.warmth": {
      "analyzers": [
        "backend.science.vision.VisionProcessor"
      ],
      "key": "color.warmth",
      "source_type": "math_or_deterministic",
      "stub": false
    },
    "color.warmth_ratio": {
      "analyzers": [
        "backend.science.math.color.ColorAnalyzer"
      ],
      "key": "color.warmth_ratio",
      "source_type": "math_or_deterministic",
      "stub": false
    },
    "complexity.edge_density": {
      "analyzers": [
        "backend.science.math.complexity.ComplexityAnalyzer",
        "backend.science.vision.VisionProcessor"
      ],
      "key": "complexity.edge_density",
      "source_type": "math_or_deterministic",
      "stub": false
    },
    "complexity.shannon_entropy": {
      "analyzers": [
        "backend.science.math.complexity.ComplexityAnalyzer"
      ],
      "key": "complexity.shannon_entropy",
      "source_type": "math_or_deterministic",
      "stub": false
    },
    "complexity.spatial_entropy": {
      "analyzers": [
        "backend.science.math.complexity.ComplexityAnalyzer"
      ],
      "key": "complexity.spatial_entropy",
      "source_type": "math_or_deterministic",
      "stub": false
    },
    "component.bathroom.fixture.material.brass": {
      "analyzers": [],
      "key": "component.bathroom.fixture.material.brass",
      "source_type": "stub_only",
      "stub": true
    },
    "component.bathroom.fixture.material.matte_black": {
      "analyzers": [],
      "key": "component.bathroom.fixture.material.matte_black",
      "source_type": "stub_only",
      "stub": true
    },
    "component.bathroom.fixture.type.rain_showerhead": {
      "analyzers": [],
      "key": "component.bathroom.fixture.type.rain_showerhead",
      "source_type": "stub_only",
      "stub": true
    },
    "component.ceiling.coffered": {
      "analyzers": [],
      "key": "component.ceiling.coffered",
      "source_type": "stub_only",
      "stub": true
    },
    "component.ceiling.cove_lighting": {
      "analyzers": [],
      "key": "component.ceiling.cove_lighting",
      "source_type": "stub_only",
      "stub": true
    },
    "component.ceiling.exposed_beam": {
      "analyzers": [],
      "key": "component.ceiling.exposed_beam",
      "source_type": "stub_only",
      "stub": true
    },
    "component.ceiling.tray": {
      "analyzers": [],
      "key": "component.ceiling.tray",
      "source_type": "stub_only",
      "stub": true
    },
    "component.ceiling.vaulted": {
      "analyzers": [],
      "key": "component.ceiling.vaulted",
      "source_type": "stub_only",
      "stub": true
    },
    "component.kitchen.hardware.material.brass": {
      "analyzers": [],
      "key": "component.kitchen.hardware.material.brass",
      "source_type": "stub_only",
      "stub": true
    },
    "component.kitchen.hardware.material.chrome": {
      "analyzers": [],
      "key": "component.kitchen.hardware.material.chrome",
      "source_type": "stub_only",
      "stub": true
    },
    "component.kitchen.hardware.material.matte_black": {
      "analyzers": [],
      "key": "component.kitchen.hardware.material.matte_black",
      "source_type": "stub_only",
      "stub": true
    },
    "component.kitchen.hardware.type.bar_pull": {
      "analyzers": [],
      "key": "component.kitchen.hardware.type.bar_pull",
      "source_type": "stub_only",
      "stub": true
    },
    "component.kitchen.hardware.type.handleless": {
      "analyzers": [],
      "key": "component.kitchen.hardware.type.handleless",
      "source_type": "stub_only",
      "stub": true
    },
    "component.kitchen.hardware.type.knob": {
      "analyzers": [],
      "key": "component.kitchen.hardware.type.knob",
      "source_type": "stub_only",
      "stub": true
    },
    "component.wall.material.brick_exposed": {
      "analyzers": [],
      "key": "component.wall.material.brick_exposed",
      "source_type": "stub_only",
      "stub": true
    },
    "component.wall.material.stone_wall": {
      "analyzers": [],
      "key": "component.wall.material.stone_wall",
      "source_type": "stub_only",
      "stub": true
    },
    "component.wall.material.wood_slat": {
      "analyzers": [],
      "key": "component.wall.material.wood_slat",
      "source_type": "stub_only",
      "stub": true
    },
    "component.wall.treatment.wainscoting": {
      "analyzers": [],
      "key": "component.wall.treatment.wainscoting",
      "source_type": "stub_only",
      "stub": true
    },
    "component.wall.treatment.wallpaper_patterned": {
      "analyzers": [],
      "key": "component.wall.treatment.wallpaper_patterned",
      "source_type": "stub_only",
      "stub": true
    },
    "fluency.symmetry": {
      "analyzers": [
        "backend.science.vision.VisionProcessor"
      ],
      "key": "fluency.symmetry",
      "source_type": "math_or_deterministic",
      "stub": false
    },
    "fractal.D": {
      "analyzers": [
        "backend.science.math.fractals.FractalAnalyzer"
      ],
      "key": "fractal.D",
      "source_type": "math_or_deterministic",
      "stub": false
    },
    "isovist.area_25d": {
      "analyzers": [
        "backend.science.spatial.isovist_25d.Isovist25DAnalyzer"
      ],
      "key": "isovist.area_25d",
      "source_type": "math_or_deterministic",
      "stub": false
    },
    "isovist.compactness_25d": {
      "analyzers": [
        "backend.science.spatial.isovist_25d.Isovist25DAnalyzer"
      ],
      "key": "isovist.compactness_25d",
      "source_type": "math_or_deterministic",
      "stub": false
    },
    "isovist.confidence": {
      "analyzers": [
        "backend.science.spatial.isovist_25d.Isovist25DAnalyzer"
      ],
      "key": "isovist.confidence",
      "source_type": "math_or_deterministic",
      "stub": false
    },
    "material.glass_coverage": {
      "analyzers": [
        "backend.science.vision.materials.MaterialAnalyzer"
      ],
      "key": "material.glass_coverage",
      "source_type": "math_or_deterministic",
      "stub": false
    },
    "material.metal_coverage": {
      "analyzers": [
        "backend.science.vision.materials.MaterialAnalyzer"
      ],
      "key": "material.metal_coverage",
      "source_type": "math_or_deterministic",
      "stub": false
    },
    "material.wood_coverage": {
      "analyzers": [
        "backend.science.vision.materials.MaterialAnalyzer"
      ],
      "key": "material.wood_coverage",
      "source_type": "math_or_deterministic",
      "stub": false
    },
    "materials.cues.brightness_mean": {
      "analyzers": [
        "backend.science.vision.materials.MaterialAnalyzer"
      ],
      "key": "materials.cues.brightness_mean",
      "source_type": "math_or_deterministic",
      "stub": false
    },
    "materials.cues.saturation_mean": {
      "analyzers": [
        "backend.science.vision.materials.MaterialAnalyzer"
      ],
      "key": "materials.cues.saturation_mean",
      "source_type": "math_or_deterministic",
      "stub": false
    },
    "materials.cues.specularity_proxy": {
      "analyzers": [
        "backend.science.vision.materials.MaterialAnalyzer"
      ],
      "key": "materials.cues.specularity_proxy",
      "source_type": "math_or_deterministic",
      "stub": false
    },
    "materials.cues.texture_variance": {
      "analyzers": [
        "backend.science.vision.materials.MaterialAnalyzer"
      ],
      "key": "materials.cues.texture_variance",
      "source_type": "math_or_deterministic",
      "stub": false
    },
    "materials.cues.value_mean": {
      "analyzers": [
        "backend.science.vision.materials.MaterialAnalyzer"
      ],
      "key": "materials.cues.value_mean",
      "source_type": "math_or_deterministic",
      "stub": false
    },
    "materials.substrate.plaster_gypsum": {
      "analyzers": [
        "backend.science.vision.materials.MaterialAnalyzer"
      ],
      "key": "materials.substrate.plaster_gypsum",
      "source_type": "math_or_deterministic",
      "stub": false
    },
    "materials.substrate.stone_concrete": {
      "analyzers": [
        "backend.science.vision.materials.MaterialAnalyzer"
      ],
      "key": "materials.substrate.stone_concrete",
      "source_type": "math_or_deterministic",
      "stub": false
    },
    "materials.substrate.tile_ceramic": {
      "analyzers": [
        "backend.science.vision.materials.MaterialAnalyzer"
      ],
      "key": "materials.substrate.tile_ceramic",
      "source_type": "math_or_deterministic",
      "stub": false
    },
    "provenance.architect_kengo_kuma": {
      "analyzers": [],
      "key": "provenance.architect_kengo_kuma",
      "source_type": "stub_only",
      "stub": true
    },
    "provenance.architect_le_corbusier": {
      "analyzers": [],
      "key": "provenance.architect_le_corbusier",
      "source_type": "stub_only",
      "stub": true
    },
    "provenance.iconic_chair_barcelona": {
      "analyzers": [],
      "key": "provenance.iconic_chair_barcelona",
      "source_type": "stub_only",
      "stub": true
    },
    "provenance.iconic_chair_eames": {
      "analyzers": [],
      "key": "provenance.iconic_chair_eames",
      "source_type": "stub_only",
      "stub": true
    },
    "psych.coziness": {
      "analyzers": [
        "backend.science.perception.PerceptionProcessor"
      ],
      "key": "psych.coziness",
      "source_type": "math_or_deterministic",
      "stub": false
    },
    "science.organized_complexity": {
      "analyzers": [
        "backend.science.summary.ScienceSummaryAnalyzer"
      ],
      "key": "science.organized_complexity",
      "source_type": "math_or_deterministic",
      "stub": false
    },
    "science.organized_complexity_bin": {
      "analyzers": [
        "backend.science.summary.ScienceSummaryAnalyzer"
      ],
      "key": "science.organized_complexity_bin",
      "source_type": "math_or_deterministic",
      "stub": false
    },
    "science.visual_richness": {
      "analyzers": [
        "backend.science.summary.ScienceSummaryAnalyzer"
      ],
      "key": "science.visual_richness",
      "source_type": "math_or_deterministic",
      "stub": false
    },
    "science.visual_richness_bin": {
      "analyzers": [
        "backend.science.summary.ScienceSummaryAnalyzer"
      ],
      "key": "science.visual_richness_bin",
      "source_type": "math_or_deterministic",
      "stub": false
    },
    "social.occupancy": {
      "analyzers": [
        "backend.science.vision.objects.ObjectAnalyzer"
      ],
      "key": "social.occupancy",
      "source_type": "math_or_deterministic",
      "stub": false
    },
    "social.privacy": {
      "analyzers": [
        "backend.science.context.social.SocialDispositionAnalyzer"
      ],
      "key": "social.privacy",
      "source_type": "math_or_deterministic",
      "stub": false
    },
    "social.sociopetal": {
      "analyzers": [
        "backend.science.context.social.SocialDispositionAnalyzer"
      ],
      "key": "social.sociopetal",
      "source_type": "math_or_deterministic",
      "stub": false
    },
    "spatial.central_openness": {
      "analyzers": [
        "backend.science.spatial.depth.DepthAnalyzer"
      ],
      "key": "spatial.central_openness",
      "source_type": "math_or_deterministic",
      "stub": false
    },
    "spatial.isovist_openness": {
      "analyzers": [
        "backend.science.spatial.isovist.IsovistAnalyzer"
      ],
      "key": "spatial.isovist_openness",
      "source_type": "math_or_deterministic",
      "stub": false
    },
    "spatial.refuge_quality": {
      "analyzers": [
        "backend.science.spatial.depth.DepthAnalyzer"
      ],
      "key": "spatial.refuge_quality",
      "source_type": "math_or_deterministic",
      "stub": false
    },
    "spatial.room_function.bathroom": {
      "analyzers": [
        "backend.science.semantics.semantic_tags_vlm.SemanticTagAnalyzer"
      ],
      "key": "spatial.room_function.bathroom",
      "source_type": "vlm_semantic",
      "stub": false
    },
    "spatial.room_function.bedroom": {
      "analyzers": [
        "backend.science.semantics.semantic_tags_vlm.SemanticTagAnalyzer"
      ],
      "key": "spatial.room_function.bedroom",
      "source_type": "vlm_semantic",
      "stub": false
    },
    "spatial.room_function.home_office": {
      "analyzers": [
        "backend.science.semantics.semantic_tags_vlm.SemanticTagAnalyzer"
      ],
      "key": "spatial.room_function.home_office",
      "source_type": "vlm_semantic",
      "stub": false
    },
    "spatial.room_function.kitchen": {
      "analyzers": [
        "backend.science.semantics.semantic_tags_vlm.SemanticTagAnalyzer"
      ],
      "key": "spatial.room_function.kitchen",
      "source_type": "vlm_semantic",
      "stub": false
    },
    "spatial.room_function.living_room": {
      "analyzers": [
        "backend.science.semantics.semantic_tags_vlm.SemanticTagAnalyzer"
      ],
      "key": "spatial.room_function.living_room",
      "source_type": "vlm_semantic",
      "stub": false
    },
    "spatial.visual_clutter": {
      "analyzers": [
        "backend.science.spatial.depth.DepthAnalyzer"
      ],
      "key": "spatial.visual_clutter",
      "source_type": "math_or_deterministic",
      "stub": false
    },
    "spatial_freq.high_power": {
      "analyzers": [
        "backend.science.math.spatial_frequency.SpatialFrequencyAnalyzer"
      ],
      "key": "spatial_freq.high_power",
      "source_type": "math_or_deterministic",
      "stub": false
    },
    "spatial_freq.low_high_ratio": {
      "analyzers": [
        "backend.science.math.spatial_frequency.SpatialFrequencyAnalyzer"
      ],
      "key": "spatial_freq.low_high_ratio",
      "source_type": "math_or_deterministic",
      "stub": false
    },
    "spatial_freq.low_power": {
      "analyzers": [
        "backend.science.math.spatial_frequency.SpatialFrequencyAnalyzer"
      ],
      "key": "spatial_freq.low_power",
      "source_type": "math_or_deterministic",
      "stub": false
    },
    "spatial_freq.mid_power": {
      "analyzers": [
        "backend.science.math.spatial_frequency.SpatialFrequencyAnalyzer"
      ],
      "key": "spatial_freq.mid_power",
      "source_type": "math_or_deterministic",
      "stub": false
    },
    "spatial_freq_reg.high_mean": {
      "analyzers": [
        "backend.science.math.regional_frequency.RegionalSpatialFrequencyAnalyzer"
      ],
      "key": "spatial_freq_reg.high_mean",
      "source_type": "math_or_deterministic",
      "stub": false
    },
    "spatial_freq_reg.high_var": {
      "analyzers": [
        "backend.science.math.regional_frequency.RegionalSpatialFrequencyAnalyzer"
      ],
      "key": "spatial_freq_reg.high_var",
      "source_type": "math_or_deterministic",
      "stub": false
    },
    "spatial_freq_reg.low_mean": {
      "analyzers": [
        "backend.science.math.regional_frequency.RegionalSpatialFrequencyAnalyzer"
      ],
      "key": "spatial_freq_reg.low_mean",
      "source_type": "math_or_deterministic",
      "stub": false
    },
    "spatial_freq_reg.low_var": {
      "analyzers": [
        "backend.science.math.regional_frequency.RegionalSpatialFrequencyAnalyzer"
      ],
      "key": "spatial_freq_reg.low_var",
      "source_type": "math_or_deterministic",
      "stub": false
    },
    "spatial_freq_reg.mid_mean": {
      "analyzers": [
        "backend.science.math.regional_frequency.RegionalSpatialFrequencyAnalyzer"
      ],
      "key": "spatial_freq_reg.mid_mean",
      "source_type": "math_or_deterministic",
      "stub": false
    },
    "spatial_freq_reg.mid_var": {
      "analyzers": [
        "backend.science.math.regional_frequency.RegionalSpatialFrequencyAnalyzer"
      ],
      "key": "spatial_freq_reg.mid_var",
      "source_type": "math_or_deterministic",
      "stub": false
    },
    "style.bohemian": {
      "analyzers": [
        "backend.science.semantics.semantic_tags_vlm.SemanticTagAnalyzer"
      ],
      "key": "style.bohemian",
      "source_type": "vlm_semantic",
      "stub": false
    },
    "style.farmhouse": {
      "analyzers": [
        "backend.science.semantics.semantic_tags_vlm.SemanticTagAnalyzer"
      ],
      "key": "style.farmhouse",
      "source_type": "vlm_semantic",
      "stub": false
    },
    "style.industrial": {
      "analyzers": [
        "backend.science.semantics.semantic_tags_vlm.SemanticTagAnalyzer"
      ],
      "key": "style.industrial",
      "source_type": "vlm_semantic",
      "stub": false
    },
    "style.japandi": {
      "analyzers": [
        "backend.science.semantics.semantic_tags_vlm.SemanticTagAnalyzer"
      ],
      "key": "style.japandi",
      "source_type": "vlm_semantic",
      "stub": false
    },
    "style.minimalist": {
      "analyzers": [
        "backend.science.semantics.semantic_tags_vlm.SemanticTagAnalyzer"
      ],
      "key": "style.minimalist",
      "source_type": "vlm_semantic",
      "stub": false
    },
    "style.modern": {
      "analyzers": [
        "backend.science.semantics.semantic_tags_vlm.SemanticTagAnalyzer"
      ],
      "key": "style.modern",
      "source_type": "vlm_semantic",
      "stub": false
    },
    "style.modernity": {
      "analyzers": [
        "backend.science.perception.PerceptionProcessor"
      ],
      "key": "style.modernity",
      "source_type": "math_or_deterministic",
      "stub": false
    },
    "style.rustic": {
      "analyzers": [
        "backend.science.semantics.semantic_tags_vlm.SemanticTagAnalyzer"
      ],
      "key": "style.rustic",
      "source_type": "vlm_semantic",
      "stub": false
    },
    "style.scandinavian": {
      "analyzers": [
        "backend.science.semantics.semantic_tags_vlm.SemanticTagAnalyzer"
      ],
      "key": "style.scandinavian",
      "source_type": "vlm_semantic",
      "stub": false
    },
    "style.traditional": {
      "analyzers": [
        "backend.science.semantics.semantic_tags_vlm.SemanticTagAnalyzer"
      ],
      "key": "style.traditional",
      "source_type": "vlm_semantic",
      "stub": false
    },
    "texture.macro.contrast": {
      "analyzers": [
        "backend.science.math.glcm.TextureAnalyzer"
      ],
      "key": "texture.macro.contrast",
      "source_type": "math_or_deterministic",
      "stub": false
    },
    "texture.macro.homogeneity": {
      "analyzers": [
        "backend.science.math.glcm.TextureAnalyzer"
      ],
      "key": "texture.macro.homogeneity",
      "source_type": "math_or_deterministic",
      "stub": false
    },
    "texture.micro.contrast": {
      "analyzers": [
        "backend.science.math.glcm.TextureAnalyzer"
      ],
      "key": "texture.micro.contrast",
      "source_type": "math_or_deterministic",
      "stub": false
    },
    "texture.micro.homogeneity": {
      "analyzers": [
        "backend.science.math.glcm.TextureAnalyzer"
      ],
      "key": "texture.micro.homogeneity",
      "source_type": "math_or_deterministic",
      "stub": false
    }
  },
  "meta": {
    "computed_count": 76,
    "counts_by_source_type": {
      "math_or_deterministic": 61,
      "stub_only": 69,
      "stub_total": 69,
      "vlm_cognitive": 1,
      "vlm_semantic": 14
    },
    "registry_count": 145,
    "stub_count": 69,
    "version": 1
  }
}